﻿<?xml version="1.0" encoding="utf-8"?>
<Faktura xmlns:ns3="http://ksef.mf.gov.pl/schema/gtw/svc/online/auth/request/2021/10/01/0001" xmlns:ns2="http://ksef.mf.gov.pl/schema/gtw/svc/types/2021/10/01/0001" xmlns="http://crd.gov.pl/wzor/2023/06/29/12648/">
  <Naglowek>
    <KodFormularza kodSystemowy="FA (2)" wersjaSchemy="1-0E">FA</KodFormularza>
    <WariantFormularza>2</WariantFormularza>
    <DataWytworzeniaFa>2023-11-13T13:48:42Z</DataWytworzeniaFa>
  </Naglowek>
  <Podmiot1>
    <DaneIdentyfikacyjne>
      <NIP>8363695362</NIP>
      <Nazwa>Nazwa</Nazwa>
    </DaneIdentyfikacyjne>
    <Adres>
      <KodKraju>PL</KodKraju>
      <AdresL1>Ul. Rzezimieszka 1, Niebycice</AdresL1>
    </Adres>
  </Podmiot1>
  <Podmiot2>
    <DaneIdentyfikacyjne>
      <NIP>1721296907</NIP>
      <Nazwa>jakas nazwa</Nazwa>
    </DaneIdentyfikacyjne>
  </Podmiot2>
  <Fa>
    <KodWaluty>PLN</KodWaluty>
    <P_1>2023-11-13</P_1>
    <P_2>NR 10101/FA/444</P_2>
    <P_15>1001.11</P_15>
    <Adnotacje>
      <P_16>2</P_16>
      <P_17>2</P_17>
      <P_18>2</P_18>
      <P_18A>2</P_18A>
      <Zwolnienie>
        <P_19N>1</P_19N>
      </Zwolnienie>
      <NoweSrodkiTransportu>
        <P_22N>1</P_22N>
      </NoweSrodkiTransportu>
      <P_23>2</P_23>
      <PMarzy>
        <P_PMarzyN>1</P_PMarzyN>
      </PMarzy>
    </Adnotacje>
    <RodzajFaktury>VAT</RodzajFaktury>
  </Fa>
</Faktura>